{"cameraMode":{"drawMode":0,"name":"Shaded","section":"Shading Mode"},"sceneLighting":true,"audioPlay":false,"sceneViewState":{"m_AlwaysRefresh":false,"showFog":true,"showSkybox":true,"showFlares":true,"showImageEffects":true,"showParticleSystems":true,"showVisualEffectGraphs":true,"m_FxEnabled":true},"in2DMode":false,"pivot":{"x":0.5239687561988831,"y":5.300647258758545,"z":-15.012258529663086},"rotation":{"x":0.1259630173444748,"y":0.013387688435614109,"z":-0.0017011876916512848,"w":0.9919493794441223},"size":1.1328370571136475,"orthographic":false}