{"cameraMode":{"drawMode":0,"name":"Shaded","section":"Shading Mode"},"sceneLighting":true,"audioPlay":false,"sceneViewState":{"m_AlwaysRefresh":false,"showFog":true,"showSkybox":true,"showFlares":true,"showImageEffects":true,"showParticleSystems":true,"showVisualEffectGraphs":true,"m_FxEnabled":true},"in2DMode":false,"pivot":{"x":-0.29533126950263979,"y":1.204344630241394,"z":0.39628714323043826},"rotation":{"x":0.06871749460697174,"y":0.5954002141952515,"z":-0.05121731385588646,"w":0.798857569694519},"size":1.2247449159622193,"orthographic":false}